Scale,Rows,CSV Size (MB),Parquet Size (MB),CSV Read (s),Parquet Read (s),CSV Write (s),Parquet Write (s)
1x,619040,28.704509735107422,10.034343719482422,0.545818699999927,0.6346899000000121,0.0,1.1181028999999398
10x,6190400,288.005407333374,94.91961479187012,4.8048274999996465,1.0275540000002366,34.48664090000011,4.408202600000095
100x,61904000,2880.053747177124,947.924412727356,50.978621900000235,6.482128399999965,341.9493075999999,26.408215500000097
